               epoch,      train/box_loss,      train/obj_loss,      train/cls_loss,   metrics/precision,      metrics/recall,     metrics/mAP_0.5,metrics/mAP_0.5:0.95,        val/box_loss,        val/obj_loss,        val/cls_loss,               x/lr0,               x/lr1,               x/lr2
                   0,             0.08532,            0.042214,            0.053568,             0.37616,             0.11696,            0.045656,            0.014002,            0.053516,            0.025319,            0.046431,             0.00054,             0.00054,             0.09514
                   1,            0.054859,             0.04067,            0.043452,             0.18013,             0.42086,             0.20788,             0.10703,            0.038795,             0.01913,            0.042352,             0.00109,             0.00109,             0.09019
                   2,            0.048991,            0.036558,            0.034279,             0.45321,              0.3898,             0.32219,             0.16451,            0.040225,            0.017622,            0.027919,           0.0016398,           0.0016398,             0.08524
                   3,            0.047966,            0.034364,            0.022693,             0.57311,               0.497,              0.4902,             0.28484,            0.034646,            0.015418,            0.017369,           0.0021895,           0.0021895,             0.08029
                   4,             0.04662,            0.032597,            0.016462,             0.60612,             0.54007,             0.49337,             0.25843,            0.038984,            0.015215,            0.011866,           0.0027389,           0.0027389,            0.075339
                   5,            0.044306,             0.03116,            0.013813,             0.68313,             0.66136,             0.66335,             0.40447,            0.031899,            0.015799,           0.0082894,            0.003288,            0.003288,            0.070388
                   6,            0.041921,            0.030563,            0.012144,             0.55617,             0.61642,             0.57498,              0.3383,            0.031359,            0.015535,             0.01478,           0.0038366,           0.0038366,            0.065437
                   7,            0.040513,             0.02994,             0.01102,             0.72826,             0.66599,             0.70873,             0.43136,            0.028927,            0.013803,           0.0066853,           0.0043847,           0.0043847,            0.060485
                   8,            0.039661,            0.029826,           0.0095892,             0.48582,             0.68587,             0.60103,             0.34704,            0.030029,            0.016176,            0.012684,           0.0049322,           0.0049322,            0.055532
                   9,            0.038686,            0.029276,           0.0092094,             0.58886,             0.71589,             0.67759,             0.42683,            0.028528,            0.014462,           0.0083459,            0.005479,            0.005479,            0.050579
                  10,            0.037377,            0.028893,           0.0085066,             0.70636,             0.76603,             0.78117,             0.46399,            0.030083,            0.013242,           0.0053659,           0.0060251,           0.0060251,            0.045625
                  11,            0.036577,            0.028301,           0.0075756,             0.72791,             0.71303,             0.75396,             0.49602,            0.027914,            0.016748,           0.0056572,           0.0065703,           0.0065703,             0.04067
                  12,            0.036105,            0.028906,           0.0082973,             0.75745,             0.63434,             0.71752,             0.46539,            0.027792,            0.016252,            0.007738,           0.0071147,           0.0071147,            0.035715
                  13,            0.035526,            0.028409,           0.0071782,             0.62993,             0.66038,             0.66792,             0.41179,            0.029146,            0.016293,           0.0082101,            0.007658,            0.007658,            0.030758
                  14,            0.034626,            0.028551,           0.0074353,             0.60696,             0.70442,             0.73568,             0.45591,            0.026704,            0.014799,            0.007269,           0.0082002,           0.0082002,              0.0258
                  15,             0.03381,            0.029725,           0.0084297,             0.45927,             0.63167,              0.5316,             0.29328,            0.033494,             0.01872,            0.017081,           0.0087413,           0.0087413,            0.020841
                  16,            0.034591,            0.029989,           0.0088427,             0.50765,             0.62344,             0.57903,             0.34487,            0.030507,            0.018256,            0.013121,           0.0092811,           0.0092811,            0.015881
                  17,            0.033622,            0.030327,           0.0085288,             0.53703,             0.64913,             0.56886,             0.32216,            0.031984,            0.023734,            0.010205,           0.0098197,           0.0098197,             0.01092
                  18,             0.03385,            0.029913,           0.0084423,             0.78325,             0.68897,             0.73281,             0.46252,            0.028558,            0.014469,           0.0051743,           0.0099203,           0.0099203,           0.0099203
                  19,             0.03361,            0.029734,           0.0077448,             0.70864,             0.69459,             0.72442,             0.45132,            0.027779,            0.014817,           0.0086466,           0.0099203,           0.0099203,           0.0099203
                  20,            0.032122,            0.029352,           0.0082401,             0.58684,             0.59093,             0.57284,             0.34809,            0.029845,            0.016286,            0.016339,           0.0099112,           0.0099112,           0.0099112
                  21,            0.031471,            0.028855,           0.0073772,             0.75771,             0.64732,             0.71035,             0.44309,            0.029289,            0.018682,           0.0064782,           0.0099017,           0.0099017,           0.0099017
                  22,            0.031031,            0.028852,           0.0065384,              0.6753,             0.57101,             0.61148,             0.39329,            0.027446,             0.01479,           0.0051681,           0.0098916,           0.0098916,           0.0098916
                  23,            0.030826,            0.028468,           0.0068673,             0.66818,             0.72482,              0.7483,             0.48541,            0.026207,            0.013855,           0.0074876,           0.0098811,           0.0098811,           0.0098811
                  24,            0.030462,            0.028522,            0.006796,             0.66795,             0.77283,             0.77094,             0.49221,            0.026132,            0.014615,           0.0050469,           0.0098701,           0.0098701,           0.0098701
                  25,            0.029253,            0.028212,           0.0063896,             0.75888,             0.64565,             0.73584,             0.45512,            0.026671,            0.014023,           0.0046553,           0.0098586,           0.0098586,           0.0098586
                  26,            0.029421,            0.027843,           0.0062773,             0.77739,             0.71704,             0.81069,             0.54646,            0.023945,            0.013186,           0.0080355,           0.0098467,           0.0098467,           0.0098467
                  27,            0.029337,             0.02731,           0.0053946,             0.74856,             0.75767,             0.80648,             0.54005,            0.024018,            0.012026,           0.0039304,           0.0098342,           0.0098342,           0.0098342
                  28,            0.028247,            0.025963,           0.0049762,             0.79802,             0.80437,             0.85969,             0.59129,            0.022254,            0.012347,            0.005363,           0.0098213,           0.0098213,           0.0098213
                  29,            0.027882,            0.026501,           0.0054247,             0.85837,             0.74414,             0.85737,             0.60677,             0.02262,            0.012053,           0.0027556,           0.0098079,           0.0098079,           0.0098079
                  30,             0.02767,            0.026681,            0.005008,             0.69071,             0.79419,             0.81776,             0.56298,             0.02472,            0.013539,           0.0057734,           0.0097941,           0.0097941,           0.0097941
                  31,            0.027267,            0.025815,            0.004844,              0.7685,             0.84264,             0.84596,             0.59421,            0.022141,            0.012448,           0.0056441,           0.0097798,           0.0097798,           0.0097798
                  32,            0.026898,            0.025486,           0.0050115,             0.82475,             0.78829,              0.8574,             0.59026,            0.023556,            0.012468,           0.0022697,            0.009765,            0.009765,            0.009765
                  33,            0.026846,            0.025294,            0.004924,             0.82724,             0.76488,             0.82634,             0.58531,            0.022892,            0.011634,           0.0032432,           0.0097497,           0.0097497,           0.0097497
                  34,            0.026487,            0.026129,           0.0055191,             0.68287,             0.70156,             0.73539,             0.48402,            0.025522,             0.01477,           0.0090788,            0.009734,            0.009734,            0.009734
                  35,            0.026634,            0.025133,           0.0042883,             0.81778,             0.84038,             0.90062,             0.63896,            0.020582,            0.011062,            0.002833,           0.0097178,           0.0097178,           0.0097178
                  36,            0.025861,            0.024523,           0.0042195,             0.76372,              0.7832,             0.85396,             0.59841,            0.020828,            0.011965,           0.0043419,           0.0097011,           0.0097011,           0.0097011
                  37,            0.025949,            0.024078,           0.0042416,             0.75636,             0.85948,             0.86121,             0.61859,            0.021104,            0.011416,           0.0071119,            0.009684,            0.009684,            0.009684
                  38,             0.02543,            0.025002,           0.0041623,             0.82145,             0.83815,             0.88812,             0.62185,            0.021049,            0.011329,            0.003166,           0.0096664,           0.0096664,           0.0096664
                  39,            0.025452,            0.024058,           0.0041748,              0.8482,             0.84187,             0.90226,             0.64338,            0.020851,            0.011262,           0.0032839,           0.0096484,           0.0096484,           0.0096484
                  40,            0.025206,            0.023939,           0.0037278,             0.81821,             0.78611,             0.87294,             0.62263,             0.02047,            0.011471,           0.0025248,           0.0096299,           0.0096299,           0.0096299
                  41,            0.024973,            0.023716,           0.0033828,             0.81369,             0.87289,              0.9178,             0.68758,            0.019356,             0.01061,           0.0043288,            0.009611,            0.009611,            0.009611
                  42,            0.024391,            0.023775,           0.0037915,             0.86407,              0.8136,             0.89625,             0.64973,             0.02001,            0.010986,           0.0047136,           0.0095916,           0.0095916,           0.0095916
                  43,            0.024604,            0.023908,            0.004018,             0.80099,             0.82443,             0.87123,             0.61408,             0.02098,            0.011272,             0.00511,           0.0095717,           0.0095717,           0.0095717
                  44,            0.024872,            0.024104,           0.0035857,             0.84036,             0.84995,             0.90445,             0.64873,            0.020528,            0.012075,           0.0021213,           0.0095514,           0.0095514,           0.0095514
                  45,            0.024618,            0.023959,           0.0035938,             0.83795,             0.84144,             0.88732,             0.65081,            0.020275,            0.011052,           0.0027778,           0.0095307,           0.0095307,           0.0095307
                  46,            0.024686,             0.02389,           0.0035146,             0.84408,             0.84327,              0.9119,             0.66673,            0.020225,            0.010505,             0.00181,           0.0095095,           0.0095095,           0.0095095
                  47,            0.024125,            0.023642,            0.003783,             0.87289,             0.86488,             0.91583,             0.67889,             0.01937,            0.010192,           0.0018602,           0.0094879,           0.0094879,           0.0094879
                  48,            0.023821,            0.022828,           0.0038977,             0.85443,             0.86693,             0.93333,             0.70198,            0.018425,             0.01036,           0.0014089,           0.0094659,           0.0094659,           0.0094659
                  49,             0.02404,            0.022889,           0.0031518,             0.89031,             0.84476,             0.92785,             0.68667,            0.019429,           0.0098403,           0.0019952,           0.0094434,           0.0094434,           0.0094434
                  50,            0.024026,            0.022689,           0.0031679,              0.8458,             0.84745,              0.9208,             0.68125,            0.018378,            0.010368,           0.0054464,           0.0094205,           0.0094205,           0.0094205
                  51,             0.02365,            0.022449,           0.0030389,             0.87814,             0.85953,             0.92701,             0.69672,            0.018076,           0.0095397,           0.0026559,           0.0093971,           0.0093971,           0.0093971
                  52,            0.023403,            0.021932,            0.002868,             0.86495,             0.88926,             0.94208,             0.71029,            0.019239,           0.0096345,            0.002019,           0.0093733,           0.0093733,           0.0093733
                  53,             0.02402,            0.022595,           0.0034499,             0.85871,             0.86151,             0.91897,              0.6963,            0.018173,            0.010099,           0.0014908,           0.0093491,           0.0093491,           0.0093491
                  54,             0.02306,            0.022487,           0.0031334,             0.84502,             0.91215,             0.94229,             0.72045,            0.017732,           0.0097459,           0.0040531,           0.0093245,           0.0093245,           0.0093245
                  55,             0.02288,            0.022004,           0.0027767,             0.87204,             0.92423,             0.94761,             0.73035,            0.017665,           0.0094141,          0.00079909,           0.0092995,           0.0092995,           0.0092995
                  56,            0.022834,            0.021652,           0.0030779,             0.79937,             0.84533,             0.89369,             0.67629,            0.018015,            0.010218,           0.0037651,            0.009274,            0.009274,            0.009274
                  57,            0.023784,             0.02287,           0.0037503,              0.8369,             0.84153,             0.90643,             0.67016,            0.018768,            0.010137,           0.0096346,           0.0092481,           0.0092481,           0.0092481
                  58,            0.022997,              0.0221,           0.0029447,             0.86675,              0.8831,             0.93853,             0.70443,            0.017652,           0.0093784,           0.0028519,           0.0092219,           0.0092219,           0.0092219
                  59,            0.023075,            0.021922,           0.0030031,             0.91073,             0.88132,             0.94988,             0.72763,            0.017384,           0.0089809,           0.0017311,           0.0091952,           0.0091952,           0.0091952
                  60,            0.022753,             0.02186,           0.0027755,             0.90504,             0.88699,             0.95127,             0.72399,            0.017637,           0.0087863,           0.0013665,           0.0091681,           0.0091681,           0.0091681
                  61,            0.022708,            0.021542,           0.0028649,              0.9135,             0.90245,             0.94975,             0.73594,            0.017309,            0.009345,           0.0055841,           0.0091406,           0.0091406,           0.0091406
                  62,            0.022234,            0.021233,           0.0029603,             0.87495,             0.90471,             0.94928,             0.73172,            0.017157,           0.0093337,           0.0018687,           0.0091127,           0.0091127,           0.0091127
                  63,            0.022117,            0.021376,            0.002625,             0.89404,             0.89937,             0.94675,              0.7335,            0.016971,            0.009514,           0.0011649,           0.0090844,           0.0090844,           0.0090844
                  64,            0.022386,            0.020585,           0.0026358,             0.89408,             0.91496,             0.95879,             0.74564,            0.017378,           0.0086019,           0.0028527,           0.0090557,           0.0090557,           0.0090557
                  65,            0.022118,            0.021114,           0.0026219,             0.89371,             0.89357,             0.93994,             0.74358,            0.017366,           0.0088204,           0.0014991,           0.0090266,           0.0090266,           0.0090266
                  66,            0.022217,            0.021188,           0.0025661,             0.93212,             0.92212,             0.96343,              0.7541,            0.016274,           0.0085957,           0.0012773,           0.0089972,           0.0089972,           0.0089972
                  67,             0.02175,            0.021094,           0.0026893,             0.92999,             0.89253,             0.95532,             0.75111,            0.017079,           0.0086272,           0.0011228,           0.0089673,           0.0089673,           0.0089673
                  68,            0.021716,            0.020802,           0.0023114,             0.90707,             0.92878,              0.9587,             0.75168,            0.015963,           0.0089261,          0.00085438,           0.0089371,           0.0089371,           0.0089371
                  69,            0.021829,            0.020742,           0.0026929,             0.87014,             0.93554,             0.95316,             0.75109,            0.016822,           0.0082339,           0.0020442,           0.0089065,           0.0089065,           0.0089065
                  70,            0.021752,            0.021029,           0.0026973,             0.94791,             0.89841,             0.96183,             0.74395,            0.016532,           0.0088463,           0.0018763,           0.0088755,           0.0088755,           0.0088755
                  71,             0.02159,            0.021367,           0.0024097,             0.89653,             0.93531,             0.95862,             0.75678,            0.016229,           0.0085583,           0.0034653,           0.0088442,           0.0088442,           0.0088442
                  72,            0.021436,             0.02038,           0.0024703,             0.90989,             0.94596,             0.96727,              0.7587,            0.016941,           0.0084325,           0.0012719,           0.0088124,           0.0088124,           0.0088124
                  73,             0.02146,            0.020574,            0.002471,             0.91819,             0.92801,             0.96539,             0.77533,             0.01575,           0.0080695,           0.0023477,           0.0087804,           0.0087804,           0.0087804
                  74,            0.021536,            0.020319,           0.0023385,             0.87092,             0.89408,             0.95095,             0.75053,            0.016448,           0.0083759,           0.0046786,           0.0087479,           0.0087479,           0.0087479
                  75,            0.020981,            0.020432,           0.0026408,             0.87044,              0.9092,             0.94996,             0.74839,            0.016109,           0.0086062,           0.0040059,           0.0087151,           0.0087151,           0.0087151
                  76,            0.021186,            0.020245,           0.0020699,             0.86245,             0.92297,              0.9471,             0.74286,            0.016278,            0.008309,           0.0018831,            0.008682,            0.008682,            0.008682
                  77,            0.021085,            0.019787,           0.0022764,             0.90009,             0.92523,             0.95906,             0.77591,            0.015281,           0.0079289,           0.0025398,           0.0086485,           0.0086485,           0.0086485
                  78,            0.021193,            0.019869,           0.0022983,             0.90361,             0.93021,             0.96631,             0.77059,            0.015854,           0.0082086,           0.0010897,           0.0086146,           0.0086146,           0.0086146
                  79,            0.020796,             0.02057,           0.0021359,             0.89429,             0.90476,             0.96325,             0.77054,            0.015304,           0.0081605,           0.0042468,           0.0085805,           0.0085805,           0.0085805
                  80,            0.020655,            0.019759,           0.0021868,             0.89441,             0.93492,             0.96574,             0.76832,            0.015611,            0.008249,           0.0011615,           0.0085459,           0.0085459,           0.0085459
                  81,            0.020697,            0.020021,           0.0019864,              0.9131,             0.92935,             0.96896,             0.78162,            0.015449,           0.0080947,           0.0013412,           0.0085111,           0.0085111,           0.0085111
                  82,            0.020618,            0.020037,           0.0020267,             0.91048,              0.9358,             0.96711,             0.77878,            0.015638,           0.0078749,           0.0014987,           0.0084759,           0.0084759,           0.0084759
                  83,            0.020646,            0.019385,           0.0022511,             0.94385,             0.93153,             0.96246,               0.773,            0.015899,           0.0078912,          0.00064939,           0.0084404,           0.0084404,           0.0084404
                  84,            0.020645,            0.019603,           0.0022786,             0.92881,             0.91176,             0.96322,              0.7839,            0.015123,           0.0078867,          0.00080758,           0.0084046,           0.0084046,           0.0084046
                  85,            0.020179,            0.019062,           0.0018942,             0.94681,             0.94471,             0.97672,             0.79633,            0.015023,           0.0077923,          0.00069908,           0.0083684,           0.0083684,           0.0083684
                  86,            0.020304,            0.019708,           0.0020156,             0.91981,             0.93036,              0.9669,             0.78537,            0.015232,           0.0077498,          0.00071567,           0.0083319,           0.0083319,           0.0083319
                  87,            0.020467,            0.019685,            0.002122,             0.92651,             0.94263,             0.97487,             0.78144,            0.015524,           0.0079867,          0.00051721,           0.0082952,           0.0082952,           0.0082952
                  88,             0.01991,            0.019674,           0.0021517,             0.93126,             0.94038,             0.96806,             0.77928,            0.015501,           0.0079035,           0.0007956,           0.0082581,           0.0082581,           0.0082581
                  89,            0.020313,            0.019098,           0.0021247,             0.91226,             0.93522,             0.96542,             0.76986,            0.015496,           0.0079416,            0.002707,           0.0082207,           0.0082207,           0.0082207
                  90,            0.020166,            0.019436,            0.001968,             0.93185,             0.95598,             0.97059,             0.78904,             0.01475,           0.0075148,          0.00073791,            0.008183,            0.008183,            0.008183
                  91,            0.019804,            0.019316,            0.001993,             0.92284,             0.95328,             0.96441,              0.7897,             0.01446,             0.00726,          0.00091707,            0.008145,            0.008145,            0.008145
                  92,            0.020065,            0.019069,           0.0019693,              0.9267,             0.93539,             0.96843,             0.78886,            0.015178,           0.0076407,          0.00069025,           0.0081068,           0.0081068,           0.0081068
                  93,            0.019808,            0.019496,           0.0019973,              0.9158,             0.94904,             0.97088,             0.79394,            0.015434,           0.0076464,           0.0012251,           0.0080682,           0.0080682,           0.0080682
                  94,            0.020004,            0.019182,           0.0019687,             0.87153,             0.95056,             0.95757,             0.76778,            0.015833,           0.0082599,           0.0020677,           0.0080294,           0.0080294,           0.0080294
                  95,            0.020476,            0.019783,           0.0022849,             0.93257,             0.94488,             0.96818,             0.78681,            0.015734,           0.0077705,          0.00070207,           0.0079903,           0.0079903,           0.0079903
                  96,            0.019841,            0.018827,           0.0020781,             0.91327,              0.9442,             0.96786,             0.78301,            0.014716,           0.0076775,          0.00057217,           0.0079509,           0.0079509,           0.0079509
                  97,            0.019917,            0.018925,           0.0019703,             0.93126,             0.94348,             0.96357,             0.79635,            0.015004,           0.0073813,          0.00069423,           0.0079112,           0.0079112,           0.0079112
                  98,            0.019803,            0.018941,           0.0020513,             0.94088,             0.94222,              0.9726,             0.80017,            0.014734,           0.0075525,           0.0007614,           0.0078713,           0.0078713,           0.0078713
                  99,            0.019458,            0.019221,           0.0019845,             0.93487,             0.95362,             0.97688,             0.80391,            0.015069,           0.0073116,          0.00055072,           0.0078311,           0.0078311,           0.0078311
                 100,            0.019477,            0.019011,            0.002052,             0.94734,             0.94463,              0.9678,             0.80454,             0.01446,           0.0076023,          0.00056047,           0.0077907,           0.0077907,           0.0077907
                 101,            0.019342,            0.018332,           0.0016712,             0.93964,             0.94149,             0.96876,             0.80991,            0.014832,           0.0071935,          0.00067658,             0.00775,             0.00775,             0.00775
                 102,            0.019582,            0.018557,           0.0018173,             0.90964,             0.94556,             0.97196,             0.80491,            0.014995,           0.0073466,          0.00069733,           0.0077091,           0.0077091,           0.0077091
                 103,            0.019622,            0.018853,           0.0018853,             0.94191,             0.94865,              0.9685,             0.80808,            0.014452,           0.0073483,            0.000543,           0.0076679,           0.0076679,           0.0076679
                 104,            0.019619,            0.018766,           0.0019267,             0.95023,             0.94096,             0.97256,             0.80097,            0.014713,           0.0072639,          0.00058794,           0.0076265,           0.0076265,           0.0076265
                 105,            0.019302,            0.018163,           0.0019817,             0.94276,             0.95494,             0.97496,             0.80987,            0.014498,           0.0071178,          0.00054684,           0.0075848,           0.0075848,           0.0075848
                 106,            0.019342,            0.018519,           0.0017287,             0.91845,             0.96413,             0.97326,             0.81023,            0.014789,           0.0072113,           0.0004958,            0.007543,            0.007543,            0.007543
                 107,            0.019048,            0.018664,           0.0016065,             0.95865,             0.92877,             0.97094,              0.8142,            0.014454,            0.006972,          0.00058677,           0.0075009,           0.0075009,           0.0075009
                 108,            0.018856,            0.018285,           0.0016451,             0.91103,             0.97196,             0.97479,             0.82368,            0.014341,           0.0070389,          0.00050884,           0.0074585,           0.0074585,           0.0074585
                 109,            0.019018,            0.018522,           0.0016499,             0.92785,             0.95343,             0.97448,             0.81608,            0.014467,           0.0068541,          0.00055323,            0.007416,            0.007416,            0.007416
                 110,            0.018784,            0.017996,           0.0014903,             0.95125,             0.95201,             0.97401,             0.81975,            0.014263,            0.006879,          0.00051546,           0.0073733,           0.0073733,           0.0073733
                 111,            0.018858,            0.017841,            0.001627,              0.9276,             0.96415,             0.97481,             0.81759,            0.014255,           0.0070408,          0.00062968,           0.0073303,           0.0073303,           0.0073303
                 112,            0.018775,            0.018115,           0.0017169,             0.89521,             0.97361,             0.97436,             0.82423,            0.013571,           0.0068231,          0.00054692,           0.0072872,           0.0072872,           0.0072872
                 113,            0.018872,            0.017976,           0.0016156,             0.93305,             0.94012,             0.96417,             0.81341,            0.014053,           0.0068811,          0.00051334,           0.0072438,           0.0072438,           0.0072438
                 114,            0.018394,            0.018076,           0.0016108,             0.95122,             0.94768,             0.97429,             0.82172,            0.013932,           0.0071083,          0.00050699,           0.0072003,           0.0072003,           0.0072003
                 115,             0.01913,            0.018482,           0.0017789,              0.9483,             0.95044,             0.97451,             0.82599,            0.014216,           0.0069052,          0.00088797,           0.0071566,           0.0071566,           0.0071566
                 116,             0.01874,            0.018161,           0.0018162,             0.93926,             0.96644,             0.97885,             0.82512,            0.013813,             0.00684,           0.0011151,           0.0071127,           0.0071127,           0.0071127
                 117,             0.01862,             0.01824,           0.0016418,             0.95894,             0.96257,             0.97496,             0.82084,              0.0139,           0.0069217,          0.00058998,           0.0070686,           0.0070686,           0.0070686
                 118,            0.018316,            0.017795,           0.0018201,             0.94942,             0.96567,             0.97835,             0.83455,            0.014014,           0.0068497,          0.00041384,           0.0070243,           0.0070243,           0.0070243
                 119,            0.018661,            0.017893,           0.0017701,             0.93171,             0.97517,             0.97478,             0.83262,            0.013779,           0.0068353,          0.00063729,           0.0069799,           0.0069799,           0.0069799
                 120,            0.018575,            0.017665,           0.0015233,             0.96513,             0.94972,             0.98005,             0.83888,             0.01341,           0.0067481,          0.00050899,           0.0069353,           0.0069353,           0.0069353
                 121,              0.0186,            0.017574,           0.0014301,             0.97115,             0.95491,             0.97603,             0.83039,            0.013587,            0.006848,          0.00056898,           0.0068906,           0.0068906,           0.0068906
                 122,            0.018094,            0.017507,           0.0013615,              0.9528,              0.9795,             0.97927,             0.83389,            0.013418,           0.0066739,          0.00051005,           0.0068457,           0.0068457,           0.0068457
                 123,             0.01809,             0.01738,           0.0014192,             0.95946,             0.96003,             0.97855,             0.83325,             0.01385,           0.0067939,           0.0005748,           0.0068006,           0.0068006,           0.0068006
                 124,            0.017906,            0.017248,           0.0013331,             0.94925,             0.96855,             0.97672,             0.83328,            0.013657,           0.0068221,          0.00062511,           0.0067555,           0.0067555,           0.0067555
                 125,            0.017778,              0.0174,           0.0015477,             0.94773,             0.95761,             0.97675,              0.8377,            0.013595,           0.0065725,          0.00054311,           0.0067101,           0.0067101,           0.0067101
                 126,            0.018126,            0.017293,           0.0013177,             0.96576,             0.94771,              0.9787,             0.84269,            0.013397,           0.0066056,           0.0004551,           0.0066647,           0.0066647,           0.0066647
                 127,            0.018053,            0.017017,           0.0015342,             0.96141,             0.96213,             0.97974,             0.83897,            0.013601,             0.00662,          0.00053895,           0.0066191,           0.0066191,           0.0066191
                 128,            0.017698,            0.017213,           0.0012844,             0.94627,             0.96117,             0.97237,             0.83521,              0.0134,           0.0065144,          0.00062853,           0.0065734,           0.0065734,           0.0065734
                 129,            0.017774,            0.017615,           0.0012852,             0.95433,             0.97098,             0.98099,             0.83891,            0.013137,           0.0064228,          0.00054022,           0.0065276,           0.0065276,           0.0065276
                 130,            0.017919,            0.017463,             0.00138,             0.96463,               0.949,             0.97903,             0.84148,            0.013071,            0.006483,          0.00049247,           0.0064816,           0.0064816,           0.0064816
                 131,            0.017907,            0.017528,           0.0017032,             0.95259,             0.95135,             0.97806,             0.83228,            0.013646,           0.0066615,          0.00046918,           0.0064356,           0.0064356,           0.0064356
                 132,            0.017704,            0.017034,           0.0015375,              0.9484,             0.96711,             0.97969,             0.83438,            0.013412,           0.0067034,          0.00090827,           0.0063895,           0.0063895,           0.0063895
                 133,            0.017902,            0.017402,           0.0013573,             0.94109,             0.96391,             0.97463,             0.83682,            0.013529,           0.0066456,          0.00051871,           0.0063432,           0.0063432,           0.0063432
                 134,            0.017844,            0.017035,            0.001624,             0.94858,             0.97385,             0.97958,             0.84412,            0.013357,           0.0064948,          0.00039667,           0.0062969,           0.0062969,           0.0062969
                 135,            0.017573,            0.017257,           0.0014609,             0.95568,             0.97422,             0.98103,             0.84468,            0.013312,           0.0063541,          0.00040954,           0.0062505,           0.0062505,           0.0062505
                 136,            0.017688,            0.016719,           0.0013191,             0.96031,             0.96536,             0.97822,             0.84419,            0.013198,           0.0064615,          0.00052848,            0.006204,            0.006204,            0.006204
                 137,            0.017958,            0.016952,           0.0013878,             0.95265,             0.95876,             0.97533,             0.84034,            0.013261,           0.0065935,          0.00045777,           0.0061574,           0.0061574,           0.0061574
                 138,            0.017663,            0.017296,           0.0015065,             0.95874,              0.9689,             0.97989,             0.84745,            0.012904,           0.0065937,          0.00041842,           0.0061107,           0.0061107,           0.0061107
                 139,            0.017875,            0.017043,           0.0014359,             0.94626,             0.97433,             0.97874,             0.83922,            0.013079,           0.0065664,          0.00042247,            0.006064,            0.006064,            0.006064
                 140,            0.017457,            0.017053,           0.0012542,             0.97499,             0.94899,             0.97979,             0.84352,            0.013104,           0.0064116,          0.00042396,           0.0060172,           0.0060172,           0.0060172
                 141,            0.017574,            0.016967,           0.0011989,             0.95343,             0.97097,              0.9795,             0.84804,             0.01306,           0.0063547,          0.00039589,           0.0059704,           0.0059704,           0.0059704
                 142,            0.017416,            0.016464,           0.0011486,              0.9661,              0.9613,             0.97992,              0.8511,            0.012937,           0.0063849,          0.00044485,           0.0059235,           0.0059235,           0.0059235
                 143,            0.017173,            0.017062,           0.0014857,             0.95329,             0.96764,             0.97937,             0.85271,            0.012867,           0.0064018,          0.00044499,           0.0058766,           0.0058766,           0.0058766
                 144,            0.017536,            0.017054,           0.0013666,             0.94647,             0.97709,             0.97973,             0.85262,            0.012958,           0.0064985,          0.00045939,           0.0058296,           0.0058296,           0.0058296
                 145,            0.017173,            0.016319,            0.001345,              0.9493,             0.96306,             0.97645,              0.8493,            0.013014,           0.0064664,           0.0004496,           0.0057826,           0.0057826,           0.0057826
                 146,            0.017244,            0.016348,           0.0013196,             0.95446,             0.96644,             0.97781,             0.85288,            0.013231,           0.0064767,          0.00044302,           0.0057355,           0.0057355,           0.0057355
                 147,            0.017104,            0.016468,           0.0012091,             0.95542,             0.96281,             0.97606,             0.84846,            0.012938,           0.0064112,          0.00056024,           0.0056884,           0.0056884,           0.0056884
                 148,            0.016933,            0.016224,           0.0013006,             0.97069,              0.9519,             0.97532,             0.85407,            0.012762,           0.0062568,          0.00045394,           0.0056413,           0.0056413,           0.0056413
                 149,            0.016706,            0.016327,           0.0011272,              0.9704,             0.95754,             0.97551,             0.85351,            0.012616,           0.0062946,           0.0004072,           0.0055942,           0.0055942,           0.0055942
                 150,            0.016862,            0.016415,           0.0011347,             0.95776,             0.96651,             0.97525,             0.85551,            0.012798,           0.0061969,          0.00039071,           0.0055471,           0.0055471,           0.0055471
                 151,            0.016793,            0.016176,           0.0011042,             0.94877,             0.97253,             0.97651,             0.85638,            0.012524,           0.0061428,          0.00039168,              0.0055,              0.0055,              0.0055
                 152,            0.016959,            0.015769,           0.0011506,             0.96825,             0.96506,             0.97896,             0.85591,            0.012514,           0.0061566,           0.0003727,           0.0054529,           0.0054529,           0.0054529
                 153,            0.016634,            0.016113,           0.0011568,              0.9589,             0.97624,             0.97797,             0.86061,            0.012505,           0.0061554,           0.0003424,           0.0054058,           0.0054058,           0.0054058
                 154,            0.016447,            0.015947,           0.0010173,             0.95322,             0.97483,             0.98142,             0.86132,            0.012397,           0.0062112,          0.00034503,           0.0053587,           0.0053587,           0.0053587
                 155,            0.016602,            0.016213,           0.0011808,             0.95603,             0.96546,             0.97851,             0.86074,            0.012458,           0.0061435,          0.00038582,           0.0053116,           0.0053116,           0.0053116
                 156,            0.016445,             0.01599,           0.0010492,             0.95988,             0.96948,             0.97541,             0.85899,             0.01251,           0.0061497,          0.00036857,           0.0052645,           0.0052645,           0.0052645
                 157,            0.016798,            0.015895,            0.001109,             0.96703,             0.96237,             0.97864,              0.8611,            0.012445,           0.0060931,          0.00037891,           0.0052174,           0.0052174,           0.0052174
                 158,            0.016391,            0.016118,           0.0010148,             0.95427,             0.97322,             0.97944,             0.85871,            0.012411,           0.0060217,          0.00035503,           0.0051704,           0.0051704,           0.0051704
                 159,            0.016237,            0.016187,          0.00098391,             0.96668,             0.97051,             0.97997,             0.85734,            0.012409,           0.0060466,          0.00035008,           0.0051234,           0.0051234,           0.0051234
                 160,            0.016349,            0.015621,          0.00089964,             0.95802,              0.9732,             0.97697,             0.86096,            0.012408,           0.0060202,          0.00037034,           0.0050765,           0.0050765,           0.0050765
                 161,            0.016312,            0.015705,          0.00099292,             0.96031,             0.97104,             0.97865,             0.85888,            0.012413,           0.0059694,          0.00035427,           0.0050296,           0.0050296,           0.0050296
                 162,             0.01651,            0.015985,           0.0011044,             0.96096,             0.97317,             0.97854,             0.85824,            0.012251,           0.0060249,          0.00034577,           0.0049828,           0.0049828,           0.0049828
                 163,            0.016133,            0.015603,          0.00096019,              0.9613,             0.97238,             0.97857,             0.85982,            0.012193,           0.0060268,           0.0003418,            0.004936,            0.004936,            0.004936
                 164,            0.016253,            0.015294,           0.0011652,             0.96389,             0.96741,             0.97602,             0.85745,            0.012271,           0.0060706,           0.0003783,           0.0048893,           0.0048893,           0.0048893
                 165,            0.016387,            0.015792,          0.00092619,             0.95435,             0.96892,             0.97611,             0.85816,            0.012364,           0.0061011,           0.0003857,           0.0048426,           0.0048426,           0.0048426
                 166,            0.016271,            0.015599,           0.0010418,             0.95877,             0.96301,             0.97647,             0.85944,            0.012155,           0.0060667,          0.00035442,            0.004796,            0.004796,            0.004796
                 167,            0.016062,            0.015416,           0.0010319,             0.95371,             0.96826,             0.97609,             0.85953,            0.012431,           0.0061144,          0.00036597,           0.0047495,           0.0047495,           0.0047495
                 168,            0.016196,            0.015433,          0.00094768,             0.96003,             0.96201,              0.9758,             0.85929,            0.012421,           0.0061089,          0.00037644,           0.0047031,           0.0047031,           0.0047031
                 169,            0.015991,            0.015649,           0.0010191,             0.95259,             0.97049,             0.97773,             0.86256,            0.012184,           0.0060273,          0.00033615,           0.0046568,           0.0046568,           0.0046568
                 170,            0.015979,            0.015416,          0.00086413,             0.95674,              0.9732,             0.97588,             0.86123,            0.012044,           0.0059712,          0.00030426,           0.0046105,           0.0046105,           0.0046105
                 171,            0.016145,            0.015645,          0.00094866,             0.95878,             0.96805,             0.97656,             0.86381,            0.012001,           0.0060242,          0.00030695,           0.0045644,           0.0045644,           0.0045644
                 172,            0.015694,            0.015099,          0.00089083,             0.96874,             0.96695,             0.97835,             0.85995,            0.011959,           0.0060636,          0.00032545,           0.0045184,           0.0045184,           0.0045184
                 173,            0.015681,            0.015462,          0.00087238,             0.96109,             0.97406,             0.97977,             0.86072,            0.011917,           0.0060733,          0.00032163,           0.0044724,           0.0044724,           0.0044724
                 174,            0.015873,            0.015217,          0.00097021,             0.96112,             0.97666,             0.98001,             0.86099,            0.011905,           0.0060295,          0.00032535,           0.0044266,           0.0044266,           0.0044266
                 175,            0.015883,            0.015302,          0.00086851,             0.96498,             0.97506,             0.98092,               0.863,            0.011925,           0.0059928,          0.00030713,           0.0043809,           0.0043809,           0.0043809
                 176,             0.01555,            0.014766,          0.00084897,             0.95849,             0.97497,              0.9809,             0.86435,            0.011972,           0.0059807,          0.00030465,           0.0043353,           0.0043353,           0.0043353
                 177,            0.015843,            0.015161,          0.00088721,               0.958,             0.97427,             0.98053,             0.86232,              0.0119,           0.0060015,          0.00031769,           0.0042899,           0.0042899,           0.0042899
                 178,            0.015589,            0.015328,          0.00098935,             0.96058,             0.97015,             0.98087,              0.8655,            0.011809,           0.0059556,          0.00030166,           0.0042445,           0.0042445,           0.0042445
                 179,            0.015671,            0.015172,          0.00095707,             0.95635,              0.9712,             0.98103,             0.86471,            0.011769,           0.0059544,          0.00030714,           0.0041994,           0.0041994,           0.0041994
                 180,            0.015877,            0.015297,           0.0010094,             0.95952,              0.9731,             0.98076,             0.86349,            0.011841,           0.0060232,          0.00030066,           0.0041543,           0.0041543,           0.0041543
                 181,            0.015298,            0.014803,          0.00081462,             0.95885,             0.97296,             0.98076,             0.86576,            0.011781,           0.0060044,          0.00030109,           0.0041094,           0.0041094,           0.0041094
                 182,            0.015464,            0.015083,          0.00097858,             0.96841,             0.96388,             0.98065,              0.8648,             0.01183,           0.0059781,          0.00031818,           0.0040647,           0.0040647,           0.0040647
                 183,            0.015263,            0.015004,          0.00080026,             0.96126,             0.97056,             0.97942,             0.86723,             0.01192,           0.0059948,           0.0003219,           0.0040201,           0.0040201,           0.0040201
                 184,            0.015495,            0.014883,          0.00084023,              0.9643,             0.96999,              0.9797,             0.86522,            0.011861,           0.0059531,          0.00037362,           0.0039757,           0.0039757,           0.0039757
                 185,            0.015299,            0.014697,          0.00078679,             0.95993,             0.96938,             0.97931,             0.86831,            0.011831,           0.0059343,          0.00034025,           0.0039314,           0.0039314,           0.0039314
                 186,            0.015459,            0.014567,           0.0007927,             0.95756,             0.97589,             0.97988,              0.8655,            0.011802,           0.0059205,          0.00031195,           0.0038873,           0.0038873,           0.0038873
                 187,            0.015662,            0.014897,           0.0009287,             0.95986,             0.97599,             0.98028,             0.86702,            0.011763,           0.0058978,          0.00028913,           0.0038434,           0.0038434,           0.0038434
                 188,            0.015321,            0.014624,          0.00076319,             0.97023,             0.96376,              0.9792,             0.86752,            0.011847,           0.0058962,          0.00027204,           0.0037997,           0.0037997,           0.0037997
                 189,            0.014989,            0.014578,          0.00080156,             0.96103,             0.96883,             0.97886,             0.86688,            0.011757,            0.005867,          0.00026257,           0.0037562,           0.0037562,           0.0037562
                 190,             0.01518,            0.014702,          0.00076039,             0.96476,             0.96708,             0.97894,             0.86727,            0.011748,           0.0058213,          0.00025967,           0.0037128,           0.0037128,           0.0037128
                 191,            0.015202,            0.014501,          0.00060813,             0.95547,             0.97068,             0.97777,             0.86747,            0.011764,           0.0058007,          0.00026569,           0.0036697,           0.0036697,           0.0036697
                 192,            0.015179,             0.01451,          0.00074088,             0.96075,             0.97411,             0.98101,             0.86878,            0.011819,           0.0057758,          0.00027401,           0.0036267,           0.0036267,           0.0036267
                 193,            0.014673,             0.01442,          0.00067079,             0.96689,             0.97047,              0.9823,             0.87122,            0.011813,           0.0057923,          0.00027511,            0.003584,            0.003584,            0.003584
                 194,             0.01487,            0.014483,          0.00068937,              0.9755,             0.97291,             0.98389,              0.8719,            0.011812,           0.0058048,          0.00027813,           0.0035415,           0.0035415,           0.0035415
                 195,            0.014585,             0.01465,          0.00065444,             0.97148,             0.97009,             0.98298,             0.87396,            0.011803,           0.0057846,          0.00027701,           0.0034991,           0.0034991,           0.0034991
                 196,            0.014692,            0.014575,          0.00060763,             0.97121,             0.97037,             0.98295,             0.87538,            0.011736,           0.0057582,          0.00027948,            0.003457,            0.003457,            0.003457
                 197,            0.014671,            0.014645,          0.00065923,             0.97325,             0.96418,             0.98138,             0.87604,            0.011784,           0.0057536,          0.00027948,           0.0034152,           0.0034152,           0.0034152
                 198,            0.014765,            0.014565,          0.00070917,             0.97163,             0.96861,              0.9833,             0.87802,            0.011814,           0.0057384,           0.0002794,           0.0033735,           0.0033735,           0.0033735
                 199,            0.014518,            0.014415,          0.00063472,             0.97023,             0.96576,             0.98129,             0.87706,            0.011813,            0.005728,          0.00028394,           0.0033321,           0.0033321,           0.0033321
                 200,            0.014498,            0.014372,          0.00065015,             0.96251,             0.97028,             0.97959,             0.87468,             0.01183,           0.0057628,          0.00029195,           0.0032909,           0.0032909,           0.0032909
                 201,             0.01439,            0.014283,          0.00058452,             0.96109,             0.97091,             0.97961,             0.87266,            0.011826,           0.0057567,          0.00029374,             0.00325,             0.00325,             0.00325
                 202,            0.014506,            0.013968,          0.00057842,             0.96333,             0.96913,             0.97958,             0.87638,            0.011784,           0.0057691,           0.0002997,           0.0032093,           0.0032093,           0.0032093
                 203,            0.014557,            0.014311,          0.00059309,             0.96905,             0.97015,             0.98311,             0.87733,            0.011753,           0.0057569,          0.00030137,           0.0031689,           0.0031689,           0.0031689
                 204,            0.014315,            0.014009,          0.00052397,             0.96485,             0.96723,             0.97923,             0.87554,            0.011715,           0.0057253,          0.00029396,           0.0031287,           0.0031287,           0.0031287
                 205,            0.014283,            0.014024,           0.0006687,             0.96332,             0.96957,             0.97855,             0.87678,             0.01163,            0.005698,          0.00029049,           0.0030888,           0.0030888,           0.0030888
                 206,            0.014216,            0.014088,          0.00051122,             0.96197,             0.97066,             0.97817,             0.87476,            0.011592,           0.0056913,          0.00028029,           0.0030491,           0.0030491,           0.0030491
                 207,            0.014228,            0.014185,          0.00062253,             0.96253,             0.97078,             0.97876,             0.87478,            0.011581,           0.0056959,          0.00026777,           0.0030097,           0.0030097,           0.0030097
                 208,            0.014317,              0.0137,          0.00060549,             0.96212,             0.97175,             0.97894,             0.87348,            0.011575,           0.0057198,          0.00026617,           0.0029706,           0.0029706,           0.0029706
                 209,            0.014366,            0.014103,          0.00067887,             0.96435,             0.96916,             0.97885,             0.87523,            0.011515,           0.0057426,          0.00026401,           0.0029318,           0.0029318,           0.0029318
                 210,            0.014271,            0.014054,          0.00062157,             0.96418,             0.96983,              0.9786,               0.874,            0.011467,           0.0057303,          0.00026519,           0.0028932,           0.0028932,           0.0028932
                 211,            0.014063,            0.013863,          0.00062797,             0.96201,             0.97161,             0.97835,             0.87686,            0.011423,           0.0057496,          0.00026651,            0.002855,            0.002855,            0.002855
                 212,            0.014027,            0.013838,          0.00073564,             0.96315,             0.97229,             0.97838,             0.87721,            0.011378,           0.0057427,          0.00026864,            0.002817,            0.002817,            0.002817
                 213,            0.013966,            0.013765,          0.00073588,             0.96464,             0.97009,             0.97794,             0.87695,            0.011345,           0.0057309,          0.00026696,           0.0027793,           0.0027793,           0.0027793
                 214,            0.013935,            0.013675,          0.00058248,             0.96334,             0.97042,             0.97785,              0.8774,            0.011322,           0.0057188,          0.00027298,           0.0027419,           0.0027419,           0.0027419
                 215,             0.01361,            0.013775,          0.00056122,             0.96331,             0.97043,             0.97778,              0.8774,            0.011334,           0.0057163,          0.00028089,           0.0027048,           0.0027048,           0.0027048
                 216,            0.013897,            0.013682,           0.0005974,             0.96332,              0.9709,             0.97811,             0.87903,            0.011328,           0.0057136,          0.00028226,           0.0026681,           0.0026681,           0.0026681
                 217,             0.01383,            0.013959,          0.00056805,             0.96482,             0.97004,             0.97851,              0.8791,            0.011309,           0.0056921,          0.00028261,           0.0026316,           0.0026316,           0.0026316
                 218,            0.013868,            0.013684,          0.00049362,             0.96301,             0.97165,              0.9784,             0.87967,            0.011283,           0.0056542,          0.00027834,           0.0025954,           0.0025954,           0.0025954
                 219,            0.013609,            0.013401,          0.00054934,             0.96321,             0.97056,             0.97834,             0.88045,            0.011272,           0.0056401,          0.00027816,           0.0025596,           0.0025596,           0.0025596
                 220,             0.01362,            0.013371,          0.00060325,             0.96606,             0.96755,             0.97881,             0.88191,            0.011259,           0.0056401,           0.0002877,           0.0025241,           0.0025241,           0.0025241
                 221,            0.013859,            0.013535,          0.00057854,             0.96833,              0.9684,             0.98061,             0.88238,            0.011224,            0.005638,           0.0002967,           0.0024889,           0.0024889,           0.0024889
                 222,            0.013673,            0.013519,          0.00057195,             0.96806,             0.96827,             0.98059,             0.88306,            0.011188,           0.0056414,          0.00030062,           0.0024541,           0.0024541,           0.0024541
                 223,            0.013486,            0.013371,          0.00050922,             0.96777,             0.96819,             0.98048,             0.88366,            0.011191,           0.0056363,          0.00030541,           0.0024195,           0.0024195,           0.0024195
                 224,            0.013459,            0.013346,          0.00056895,             0.96302,             0.97265,             0.98038,             0.88416,            0.011186,           0.0056391,          0.00030667,           0.0023854,           0.0023854,           0.0023854
                 225,            0.013391,            0.013413,          0.00062097,             0.96716,              0.9676,             0.98016,             0.88497,            0.011163,           0.0056519,          0.00030523,           0.0023515,           0.0023515,           0.0023515
                 226,             0.01333,            0.013624,          0.00047728,             0.96792,             0.96721,             0.98008,             0.88406,            0.011139,           0.0056417,          0.00030218,            0.002318,            0.002318,            0.002318
                 227,            0.013579,            0.013204,           0.0004217,             0.96852,             0.96714,             0.98007,             0.88273,            0.011122,            0.005639,           0.0002964,           0.0022849,           0.0022849,           0.0022849
                 228,            0.013482,            0.013219,          0.00044872,              0.9683,             0.96744,             0.98008,             0.88228,              0.0111,           0.0056397,          0.00028603,           0.0022521,           0.0022521,           0.0022521
                 229,            0.013119,            0.013188,          0.00051192,              0.9688,             0.96722,             0.98005,             0.88196,            0.011096,           0.0056428,          0.00028096,           0.0022196,           0.0022196,           0.0022196
                 230,            0.013364,             0.01301,          0.00053471,             0.96787,             0.96805,             0.98011,              0.8831,             0.01107,           0.0056426,          0.00027895,           0.0021876,           0.0021876,           0.0021876
                 231,            0.013379,            0.013248,          0.00049485,             0.96918,             0.96705,             0.98011,             0.88258,            0.011079,           0.0056496,          0.00027764,           0.0021558,           0.0021558,           0.0021558
                 232,            0.013359,            0.013127,          0.00058544,             0.96849,               0.968,             0.98008,             0.88297,            0.011073,           0.0056488,          0.00027917,           0.0021245,           0.0021245,           0.0021245
                 233,            0.013538,            0.012833,          0.00046388,             0.96771,             0.96876,             0.98009,             0.88373,            0.011077,            0.005655,           0.0002862,           0.0020935,           0.0020935,           0.0020935
                 234,            0.013177,            0.013057,          0.00050617,             0.96845,             0.96842,             0.98028,             0.88385,             0.01109,           0.0056548,           0.0002903,           0.0020629,           0.0020629,           0.0020629
                 235,            0.013247,            0.012869,          0.00051589,             0.96865,             0.96891,             0.98023,             0.88409,            0.011081,           0.0056639,          0.00028893,           0.0020327,           0.0020327,           0.0020327
                 236,            0.013042,            0.012884,          0.00050069,             0.96806,             0.96686,             0.97858,             0.88423,            0.011085,           0.0056684,          0.00028565,           0.0020028,           0.0020028,           0.0020028
                 237,             0.01295,            0.012923,          0.00043299,             0.96801,             0.96665,              0.9788,             0.88642,             0.01109,           0.0056676,          0.00027779,           0.0019734,           0.0019734,           0.0019734
                 238,            0.012957,            0.012958,          0.00060695,             0.96742,             0.96703,             0.97878,             0.88703,            0.011113,           0.0056698,          0.00026979,           0.0019443,           0.0019443,           0.0019443
                 239,            0.012977,            0.012882,          0.00053493,             0.96853,             0.96615,             0.97882,             0.88781,            0.011123,           0.0056748,          0.00027236,           0.0019156,           0.0019156,           0.0019156
                 240,            0.012767,            0.013125,          0.00045507,             0.96797,             0.96683,             0.97881,             0.88685,            0.011138,           0.0056775,          0.00028095,           0.0018873,           0.0018873,           0.0018873
                 241,            0.012933,            0.012766,          0.00054096,             0.96905,             0.96888,             0.98042,              0.8875,            0.011129,           0.0056847,          0.00028435,           0.0018594,           0.0018594,           0.0018594
                 242,            0.012847,            0.013073,          0.00046693,             0.97069,             0.96773,             0.98058,             0.88764,            0.011128,           0.0056819,          0.00028425,           0.0018319,           0.0018319,           0.0018319
                 243,            0.013211,            0.012939,          0.00050945,             0.97139,              0.9673,             0.98045,             0.88693,            0.011122,           0.0056919,          0.00028014,           0.0018048,           0.0018048,           0.0018048
                 244,            0.012738,            0.012977,          0.00050978,             0.97081,             0.96731,             0.98048,             0.88727,            0.011125,           0.0057019,           0.0002777,           0.0017781,           0.0017781,           0.0017781
                 245,            0.012899,            0.012926,          0.00046827,             0.97055,             0.96703,             0.98061,             0.88772,            0.011132,           0.0056933,          0.00027369,           0.0017519,           0.0017519,           0.0017519
                 246,            0.012753,            0.012527,          0.00045006,             0.97089,             0.96671,             0.98064,             0.88793,            0.011122,           0.0056863,          0.00026351,            0.001726,            0.001726,            0.001726
                 247,            0.012815,            0.012898,          0.00045051,             0.97343,             0.96412,             0.98059,             0.88812,            0.011095,           0.0056906,          0.00025425,           0.0017005,           0.0017005,           0.0017005
                 248,            0.012812,            0.012897,          0.00039683,             0.97087,              0.9667,             0.98069,               0.889,            0.011078,           0.0056853,          0.00025172,           0.0016755,           0.0016755,           0.0016755
                 249,            0.012761,            0.012408,          0.00050739,             0.96877,             0.96537,             0.97909,             0.88782,            0.011062,           0.0056816,          0.00024636,           0.0016509,           0.0016509,           0.0016509
                 250,            0.012783,            0.012487,          0.00042415,             0.96766,             0.96956,             0.98063,             0.88828,            0.011051,           0.0056824,          0.00024009,           0.0016267,           0.0016267,           0.0016267
                 251,            0.012616,            0.012802,          0.00033811,             0.96984,             0.96789,             0.98078,             0.88804,            0.011025,           0.0056763,          0.00023589,           0.0016029,           0.0016029,           0.0016029
                 252,            0.012378,            0.012791,          0.00036347,             0.96885,             0.96886,             0.98067,             0.88887,            0.011017,           0.0056682,          0.00022998,           0.0015795,           0.0015795,           0.0015795
                 253,            0.012777,            0.012537,          0.00036531,             0.97038,             0.96708,             0.98058,             0.88799,            0.011012,           0.0056694,          0.00022554,           0.0015566,           0.0015566,           0.0015566
                 254,            0.012668,            0.012728,          0.00042231,             0.96965,             0.96797,             0.98067,              0.8873,             0.01101,           0.0056726,          0.00021954,           0.0015341,           0.0015341,           0.0015341
                 255,             0.01248,             0.01265,          0.00049137,             0.96977,             0.96751,             0.98065,             0.88776,            0.011007,           0.0056773,          0.00021479,           0.0015121,           0.0015121,           0.0015121
                 256,            0.012738,            0.012475,          0.00044609,             0.97044,             0.96683,              0.9807,             0.88802,             0.01099,           0.0056739,          0.00021108,           0.0014905,           0.0014905,           0.0014905
                 257,            0.012588,            0.012456,           0.0003945,             0.96935,             0.96782,              0.9806,             0.88827,             0.01097,           0.0056698,          0.00020875,           0.0014693,           0.0014693,           0.0014693
                 258,            0.012443,            0.012666,          0.00041951,             0.97036,             0.96657,             0.98054,             0.88851,            0.010955,            0.005666,          0.00020747,           0.0014486,           0.0014486,           0.0014486
                 259,            0.012537,            0.012365,          0.00049373,             0.97179,             0.96846,             0.98192,             0.88893,            0.010947,           0.0056677,          0.00020734,           0.0014283,           0.0014283,           0.0014283
                 260,            0.012607,            0.012464,          0.00042688,             0.97133,             0.96798,             0.98196,              0.8894,            0.010935,           0.0056678,          0.00020475,           0.0014084,           0.0014084,           0.0014084
                 261,            0.012343,            0.012551,          0.00051181,             0.96942,              0.9666,             0.98053,             0.89017,            0.010928,           0.0056658,          0.00020292,            0.001389,            0.001389,            0.001389
                 262,            0.012282,            0.012624,          0.00038225,             0.96907,             0.96718,             0.98076,             0.89027,            0.010905,           0.0056632,          0.00020186,           0.0013701,           0.0013701,           0.0013701
                 263,            0.012357,            0.012276,          0.00037454,             0.97017,              0.9694,             0.98227,             0.89069,            0.010891,            0.005659,          0.00020024,           0.0013516,           0.0013516,           0.0013516
                 264,             0.01222,             0.01247,          0.00039317,             0.97103,             0.96823,             0.98202,             0.89107,            0.010887,            0.005658,          0.00019862,           0.0013336,           0.0013336,           0.0013336
                 265,            0.012262,            0.012309,          0.00039531,             0.97124,             0.96823,             0.98223,             0.89116,            0.010883,           0.0056544,          0.00019773,            0.001316,            0.001316,            0.001316
                 266,            0.012545,            0.012385,          0.00032981,             0.97098,             0.96809,             0.98117,             0.89067,            0.010873,           0.0056494,          0.00019612,           0.0012989,           0.0012989,           0.0012989
                 267,            0.012105,            0.012167,          0.00035007,             0.97153,             0.96791,             0.98116,              0.8908,            0.010867,           0.0056497,          0.00019543,           0.0012822,           0.0012822,           0.0012822
                 268,            0.012032,            0.012245,          0.00038102,             0.97139,             0.96824,             0.98218,             0.89073,            0.010869,           0.0056473,          0.00019456,            0.001266,            0.001266,            0.001266
                 269,            0.011945,            0.012283,          0.00037561,             0.97468,             0.96501,             0.98113,             0.89144,            0.010864,           0.0056443,          0.00019382,           0.0012503,           0.0012503,           0.0012503
                 270,            0.012218,            0.012047,          0.00033256,             0.97478,             0.96502,             0.98113,             0.89179,            0.010863,           0.0056436,          0.00019245,            0.001235,            0.001235,            0.001235
                 271,            0.011923,            0.012146,           0.0004051,              0.9722,              0.9681,             0.98225,             0.89206,            0.010853,           0.0056397,          0.00019225,           0.0012202,           0.0012202,           0.0012202
                 272,            0.012189,            0.012121,          0.00035168,              0.9725,             0.96792,             0.98224,             0.89228,            0.010846,           0.0056374,          0.00019195,           0.0012059,           0.0012059,           0.0012059
                 273,            0.012204,            0.012232,          0.00035834,             0.97258,             0.96795,             0.98226,              0.8923,            0.010839,           0.0056347,          0.00019119,           0.0011921,           0.0011921,           0.0011921
                 274,            0.012383,            0.012351,          0.00035947,             0.97281,             0.96792,             0.98232,             0.89251,            0.010836,           0.0056334,          0.00019107,           0.0011787,           0.0011787,           0.0011787
                 275,            0.011869,            0.012178,          0.00024861,             0.97279,             0.96793,             0.98232,             0.89308,            0.010821,           0.0056318,          0.00019019,           0.0011658,           0.0011658,           0.0011658
                 276,             0.01206,            0.011916,          0.00033986,             0.97286,              0.9683,             0.98217,             0.89282,            0.010809,           0.0056302,          0.00018959,           0.0011533,           0.0011533,           0.0011533
                 277,            0.012044,            0.011703,          0.00036583,             0.97228,             0.96876,             0.98224,             0.89382,            0.010795,           0.0056297,          0.00018857,           0.0011414,           0.0011414,           0.0011414
                 278,            0.012247,            0.012436,          0.00031404,             0.97241,             0.96852,             0.98141,              0.8943,            0.010787,           0.0056279,          0.00018703,           0.0011299,           0.0011299,           0.0011299
                 279,            0.012028,             0.01218,          0.00038287,             0.97251,             0.96862,             0.98258,             0.89445,            0.010782,           0.0056284,          0.00018576,           0.0011189,           0.0011189,           0.0011189
                 280,            0.011759,            0.012095,          0.00031069,             0.97249,             0.96868,             0.98258,             0.89458,             0.01078,           0.0056267,          0.00018475,           0.0011084,           0.0011084,           0.0011084
                 281,            0.011958,            0.012067,          0.00030179,             0.97241,             0.96873,             0.98257,             0.89487,            0.010772,           0.0056271,          0.00018412,           0.0010983,           0.0010983,           0.0010983
                 282,            0.011749,            0.011922,          0.00029711,             0.97253,             0.96874,             0.98251,             0.89523,             0.01077,           0.0056285,          0.00018292,           0.0010888,           0.0010888,           0.0010888
                 283,             0.01183,            0.011964,          0.00027971,              0.9722,             0.96914,             0.98257,             0.89494,            0.010765,           0.0056252,          0.00018271,           0.0010797,           0.0010797,           0.0010797
                 284,            0.012021,            0.012138,          0.00032923,             0.97308,             0.96901,             0.98259,             0.89562,            0.010766,           0.0056246,          0.00018108,           0.0010711,           0.0010711,           0.0010711
                 285,            0.012143,            0.011993,           0.0002972,             0.97171,             0.96965,             0.98262,             0.89586,            0.010765,           0.0056239,          0.00017984,            0.001063,            0.001063,            0.001063
                 286,             0.01172,            0.012069,          0.00029723,             0.97574,             0.96584,             0.98263,             0.89519,            0.010764,           0.0056259,          0.00017928,           0.0010554,           0.0010554,           0.0010554
                 287,            0.011945,            0.011839,          0.00032905,             0.97708,             0.96449,             0.98264,             0.89656,            0.010759,           0.0056282,           0.0001781,           0.0010483,           0.0010483,           0.0010483
                 288,            0.012283,            0.011902,          0.00039887,             0.97614,             0.96512,             0.98264,             0.89566,            0.010758,           0.0056296,          0.00017732,           0.0010416,           0.0010416,           0.0010416
                 289,            0.011708,            0.012069,          0.00031149,              0.9776,              0.9642,             0.98267,             0.89607,            0.010753,           0.0056332,          0.00017639,           0.0010355,           0.0010355,           0.0010355
                 290,            0.011925,            0.011654,          0.00031717,             0.97821,             0.96413,             0.98266,             0.89636,            0.010749,           0.0056325,          0.00017519,           0.0010298,           0.0010298,           0.0010298
                 291,             0.01167,            0.011597,          0.00045226,             0.97833,             0.96412,             0.98267,             0.89648,            0.010742,           0.0056347,          0.00017453,           0.0010247,           0.0010247,           0.0010247
                 292,            0.011761,            0.011769,          0.00036407,             0.97835,             0.96413,             0.98264,             0.89718,            0.010737,           0.0056396,          0.00017422,             0.00102,             0.00102,             0.00102
                 293,             0.01166,            0.011797,          0.00030754,             0.97872,             0.96414,             0.98259,             0.89692,            0.010735,           0.0056441,          0.00017387,           0.0010158,           0.0010158,           0.0010158
                 294,            0.011868,            0.012088,          0.00041339,             0.97845,             0.96418,             0.98262,              0.8971,            0.010728,            0.005648,           0.0001735,           0.0010121,           0.0010121,           0.0010121
                 295,             0.01175,            0.011596,          0.00036941,             0.97848,             0.96419,             0.98262,             0.89677,             0.01072,           0.0056529,          0.00017307,           0.0010089,           0.0010089,           0.0010089
                 296,            0.012006,            0.011879,          0.00026351,             0.97735,             0.96531,              0.9826,             0.89705,            0.010717,           0.0056545,          0.00017248,           0.0010062,           0.0010062,           0.0010062
                 297,            0.011867,            0.012081,          0.00028416,             0.97785,             0.96483,             0.98254,             0.89701,            0.010714,           0.0056555,          0.00017142,           0.0010039,           0.0010039,           0.0010039
                 298,            0.011597,            0.011791,          0.00024996,             0.97807,              0.9648,             0.98258,             0.89776,            0.010708,           0.0056574,          0.00017042,           0.0010022,           0.0010022,           0.0010022
                 299,            0.011654,            0.011782,          0.00026101,               0.978,              0.9648,             0.98253,             0.89774,            0.010703,           0.0056634,          0.00016958,            0.001001,            0.001001,            0.001001
